{
  "timestamp": "2025-05-30T21:23:09.726859",
  "final_metrics": {
    "original": {
      "compression_ratio": 4.6,
      "memory_efficiency": 40.0,
      "computation_speed": 1.0,
      "phi_discovery": 100.0,
      "overall_efficiency": 76.8
    },
    "optimized": {
      "compression_ratio": 6.6976744186046515,
      "memory_efficiency": 79.63,
      "computation_speed": 2.7027027027027026,
      "phi_discovery": 100.0
    },
    "efficiencies": {
      "compression": 13.953488372093023,
      "memory": 79.63,
      "speed": 90.09009009009009,
      "phi_discovery": 105.3
    },
    "overall_efficiency": 69.72006452964592,
    "improvement": -7.079935470354073
  },
  "status": "IN_PROGRESS"
}